"UpdateID","MarkdownFile","LineNumber","CurrentPath","NewPath","ChangeType","Context"
"1","_builds\plant-displays\bluebells-001-planning-build.md","10","assets/images/projects/plant-displays/bluebells/build/plant-displays-bluebells-build-001.jpg","assets/images/projects/plant-displays/bluebells/build/blu-build-001.jpg","Path update","signature_image: ""assets/images/projects/plant-displays/bluebells/build/plant-displays-bluebells-build-001.jpg"""
"2","_builds\plant-displays\bluebells-001-planning-build.md","18","assets/images/projects/plant-displays/bluebells/build/plant-displays-bluebells-build-001.jpg","assets/images/projects/plant-displays/bluebells/build/blu-build-001.jpg","Path update","- path: ""assets/images/projects/plant-displays/bluebells/build/plant-displays-bluebells-build-001.jpg"""
"3","_builds\plant-displays\bluebells-001-planning-build.md","43","assets/images/projects/plant-displays/bluebells/planning/bluebells-planning-english-bluebell-01.jpg","assets/images/projects/plant-displays/bluebells/planning/blu-planning-001.jpg","Path update","![English Bluebell Planning 1]({{ 'assets/images/projects/plant-displays/bluebells/planning/bluebells-planning-englis..."
"4","_builds\plant-displays\bluebells-001-planning-build.md","46","assets/images/projects/plant-displays/bluebells/planning/bluebells-planning-english-bluebell-02.jpg","assets/images/projects/plant-displays/bluebells/planning/blu-planning-002.jpg","Path update","![English Bluebell Planning 2]({{ 'assets/images/projects/plant-displays/bluebells/planning/bluebells-planning-englis..."
"5","_builds\plant-displays\bluebells-001-planning-build.md","51","assets/images/projects/plant-displays/bluebells/planning/bluebells-planning-spanish-bluebell-01.jpg","assets/images/projects/plant-displays/bluebells/planning/blu-planning-001.jpg","Path update","![Spanish Bluebell Planning 1]({{ 'assets/images/projects/plant-displays/bluebells/planning/bluebells-planning-spanis..."
"6","_builds\plant-displays\bluebells-001-planning-build.md","54","assets/images/projects/plant-displays/bluebells/planning/bluebells-planning-spanish-bluebell-02.jpg","assets/images/projects/plant-displays/bluebells/planning/blu-planning-002.jpg","Path update","![Spanish Bluebell Planning 2]({{ 'assets/images/projects/plant-displays/bluebells/planning/bluebells-planning-spanis..."
"7","_builds\plant-displays\bluebells-001-planning-build.md","59","assets/images/projects/plant-displays/bluebells/planning/bluebells-planning-muscari-01.jpg","assets/images/projects/plant-displays/bluebells/planning/blu-planning-001.jpg","Path update","![Muscari Planning]({{ 'assets/images/projects/plant-displays/bluebells/planning/bluebells-planning-muscari-01.jpg' |..."
"8","_builds\plant-displays\bluebells-001-planning-build.md","67","assets/images/projects/plant-displays/bluebells/planning/bulbs/plant-displays-bluebells-planning-029.jpg","assets/images/projects/plant-displays/bluebells/planning/bulbs/blu-planning-029.jpg","Path update","![Bluebell Bulbs Reference]({{ 'assets/images/projects/plant-displays/bluebells/planning/bulbs/plant-displays-bluebel..."
"9","_builds\plant-displays\bluebells-001-planning-build.md","74","assets/images/projects/plant-displays/bluebells/planning/bluebells-planning-scenery-01.jpg","assets/images/projects/plant-displays/bluebells/planning/blu-planning-001.jpg","Path update","![Scenery Planning 1]({{ 'assets/images/projects/plant-displays/bluebells/planning/bluebells-planning-scenery-01.jpg'..."
"10","_builds\plant-displays\bluebells-001-planning-build.md","77","assets/images/projects/plant-displays/bluebells/planning/bluebells-planning-scenery-02.jpg","assets/images/projects/plant-displays/bluebells/planning/blu-planning-002.jpg","Path update","![Scenery Planning 2]({{ 'assets/images/projects/plant-displays/bluebells/planning/bluebells-planning-scenery-02.jpg'..."
"11","_builds\plant-displays\bluebells-001-planning-build.md","84","assets/images/projects/plant-displays/bluebells/build/plant-displays-bluebells-build-001.jpg","assets/images/projects/plant-displays/bluebells/build/blu-build-001.jpg","Path update","![Build 001]({{ 'assets/images/projects/plant-displays/bluebells/build/plant-displays-bluebells-build-001.jpg' | rela..."
"12","_builds\plant-displays\bluebells-001-planning-build.md","86","assets/images/projects/plant-displays/bluebells/build/plant-displays-bluebells-build-002.jpg","assets/images/projects/plant-displays/bluebells/build/blu-build-002.jpg","Path update","![Build 002]({{ 'assets/images/projects/plant-displays/bluebells/build/plant-displays-bluebells-build-002.jpg' | rela..."
"13","_builds\plant-displays\bluebells-001-planning-build.md","88","assets/images/projects/plant-displays/bluebells/build/plant-displays-bluebells-build-003.jpg","assets/images/projects/plant-displays/bluebells/build/blu-build-003.jpg","Path update","![Build 003]({{ 'assets/images/projects/plant-displays/bluebells/build/plant-displays-bluebells-build-003.jpg' | rela..."
"14","_builds\plant-displays\bluebells-001-planning-build.md","90","assets/images/projects/plant-displays/bluebells/build/plant-displays-bluebells-build-004.jpg","assets/images/projects/plant-displays/bluebells/build/blu-build-004.jpg","Path update","![Build 004]({{ 'assets/images/projects/plant-displays/bluebells/build/plant-displays-bluebells-build-004.jpg' | rela..."
"15","_builds\plant-displays\bluebells-001-planning-build.md","92","assets/images/projects/plant-displays/bluebells/build/plant-displays-bluebells-build-005.jpg","assets/images/projects/plant-displays/bluebells/build/blu-build-005.jpg","Path update","![Build 005]({{ 'assets/images/projects/plant-displays/bluebells/build/plant-displays-bluebells-build-005.jpg' | rela..."
"16","_builds\plant-displays\ranunculus-001-planning-build.md","10","assets/images/projects/plant-displays/ranunculus/gallery/plant-displays-ranunculus-gallery-005.jpg","assets/images/projects/plant-displays/ranunculus/gallery/ran-gallery-005.jpg","Path update","signature_image: ""assets/images/projects/plant-displays/ranunculus/gallery/plant-displays-ranunculus-gallery-005.jpg"""
"17","_builds\plant-displays\ranunculus-001-planning-build.md","18","assets/images/projects/plant-displays/ranunculus/build/plant-displays-ranunculus-build-001.jpg","assets/images/projects/plant-displays/ranunculus/build/ran-build-001.jpg","Path update","- path: ""assets/images/projects/plant-displays/ranunculus/build/plant-displays-ranunculus-build-001.jpg"""
"18","_builds\plant-displays\ranunculus-001-planning-build.md","20","assets/images/projects/plant-displays/ranunculus/gallery/plant-displays-ranunculus-gallery-001.jpg","assets/images/projects/plant-displays/ranunculus/gallery/ran-gallery-001.jpg","Path update","- path: ""assets/images/projects/plant-displays/ranunculus/gallery/plant-displays-ranunculus-gallery-001.jpg"""
"19","_builds\plant-displays\ranunculus-001-planning-build.md","56","assets/images/projects/plant-displays/ranunculus/planning/plant-displays-ranunculus-planning-002.jpg","assets/images/projects/plant-displays/ranunculus/planning/ran-planning-002.jpg","Path update","![Planning 002]({{ 'assets/images/projects/plant-displays/ranunculus/planning/plant-displays-ranunculus-planning-002...."
"20","_builds\plant-displays\ranunculus-001-planning-build.md","57","assets/images/projects/plant-displays/ranunculus/planning/plant-displays-ranunculus-planning-003.jpg","assets/images/projects/plant-displays/ranunculus/planning/ran-planning-003.jpg","Path update","![Planning 003]({{ 'assets/images/projects/plant-displays/ranunculus/planning/plant-displays-ranunculus-planning-003...."
"21","_builds\plant-displays\ranunculus-001-planning-build.md","58","assets/images/projects/plant-displays/ranunculus/planning/plant-displays-ranunculus-planning-004.jpg","assets/images/projects/plant-displays/ranunculus/planning/ran-planning-004.jpg","Path update","![Planning 004]({{ 'assets/images/projects/plant-displays/ranunculus/planning/plant-displays-ranunculus-planning-004...."
"22","_builds\plant-displays\ranunculus-001-planning-build.md","59","assets/images/projects/plant-displays/ranunculus/planning/plant-displays-ranunculus-planning-005.jpg","assets/images/projects/plant-displays/ranunculus/planning/ran-planning-005.jpg","Path update","![Planning 005]({{ 'assets/images/projects/plant-displays/ranunculus/planning/plant-displays-ranunculus-planning-005...."
"23","_builds\plant-displays\ranunculus-001-planning-build.md","60","assets/images/projects/plant-displays/ranunculus/planning/plant-displays-ranunculus-planning-006.jpg","assets/images/projects/plant-displays/ranunculus/planning/ran-planning-006.jpg","Path update","![Planning 006]({{ 'assets/images/projects/plant-displays/ranunculus/planning/plant-displays-ranunculus-planning-006...."
"24","_builds\plant-displays\ranunculus-001-planning-build.md","61","assets/images/projects/plant-displays/ranunculus/planning/plant-displays-ranunculus-planning-007.jpg","assets/images/projects/plant-displays/ranunculus/planning/ran-planning-007.jpg","Path update","![Planning 007]({{ 'assets/images/projects/plant-displays/ranunculus/planning/plant-displays-ranunculus-planning-007...."
"25","_builds\plant-displays\ranunculus-001-planning-build.md","62","assets/images/projects/plant-displays/ranunculus/planning/plant-displays-ranunculus-planning-008.jpg","assets/images/projects/plant-displays/ranunculus/planning/ran-planning-008.jpg","Path update","![Planning 008]({{ 'assets/images/projects/plant-displays/ranunculus/planning/plant-displays-ranunculus-planning-008...."
"26","_builds\plant-displays\ranunculus-001-planning-build.md","63","assets/images/projects/plant-displays/ranunculus/planning/plant-displays-ranunculus-planning-009.jpg","assets/images/projects/plant-displays/ranunculus/planning/ran-planning-009.jpg","Path update","![Planning 009]({{ 'assets/images/projects/plant-displays/ranunculus/planning/plant-displays-ranunculus-planning-009...."
"27","_builds\plant-displays\ranunculus-001-planning-build.md","64","assets/images/projects/plant-displays/ranunculus/planning/plant-displays-ranunculus-planning-010.jpg","assets/images/projects/plant-displays/ranunculus/planning/ran-planning-010.jpg","Path update","![Planning 010]({{ 'assets/images/projects/plant-displays/ranunculus/planning/plant-displays-ranunculus-planning-010...."
"28","_builds\plant-displays\ranunculus-001-planning-build.md","65","assets/images/projects/plant-displays/ranunculus/planning/plant-displays-ranunculus-planning-011.jpg","assets/images/projects/plant-displays/ranunculus/planning/ran-planning-011.jpg","Path update","![Planning 011]({{ 'assets/images/projects/plant-displays/ranunculus/planning/plant-displays-ranunculus-planning-011...."
"29","_builds\plant-displays\ranunculus-001-planning-build.md","66","assets/images/projects/plant-displays/ranunculus/planning/plant-displays-ranunculus-planning-012.jpg","assets/images/projects/plant-displays/ranunculus/planning/ran-planning-012.jpg","Path update","![Planning 012]({{ 'assets/images/projects/plant-displays/ranunculus/planning/plant-displays-ranunculus-planning-012...."
"30","_builds\plant-displays\ranunculus-001-planning-build.md","67","assets/images/projects/plant-displays/ranunculus/planning/plant-displays-ranunculus-planning-013.jpg","assets/images/projects/plant-displays/ranunculus/planning/ran-planning-013.jpg","Path update","![Planning 013]({{ 'assets/images/projects/plant-displays/ranunculus/planning/plant-displays-ranunculus-planning-013...."
"31","_builds\plant-displays\ranunculus-001-planning-build.md","68","assets/images/projects/plant-displays/ranunculus/planning/plant-displays-ranunculus-planning-014.jpg","assets/images/projects/plant-displays/ranunculus/planning/ran-planning-014.jpg","Path update","![Planning 014]({{ 'assets/images/projects/plant-displays/ranunculus/planning/plant-displays-ranunculus-planning-014...."
"32","_builds\plant-displays\ranunculus-001-planning-build.md","69","assets/images/projects/plant-displays/ranunculus/planning/plant-displays-ranunculus-planning-015.jpg","assets/images/projects/plant-displays/ranunculus/planning/ran-planning-015.jpg","Path update","![Planning 015]({{ 'assets/images/projects/plant-displays/ranunculus/planning/plant-displays-ranunculus-planning-015...."
"33","_builds\plant-displays\ranunculus-001-planning-build.md","70","assets/images/projects/plant-displays/ranunculus/planning/plant-displays-ranunculus-planning-016.jpg","assets/images/projects/plant-displays/ranunculus/planning/ran-planning-016.jpg","Path update","![Planning 016]({{ 'assets/images/projects/plant-displays/ranunculus/planning/plant-displays-ranunculus-planning-016...."
"34","_builds\plant-displays\ranunculus-001-planning-build.md","71","assets/images/projects/plant-displays/ranunculus/planning/plant-displays-ranunculus-planning-017.jpg","assets/images/projects/plant-displays/ranunculus/planning/ran-planning-017.jpg","Path update","![Planning 017]({{ 'assets/images/projects/plant-displays/ranunculus/planning/plant-displays-ranunculus-planning-017...."
"35","_builds\plant-displays\ranunculus-001-planning-build.md","72","assets/images/projects/plant-displays/ranunculus/planning/plant-displays-ranunculus-planning-018.jpg","assets/images/projects/plant-displays/ranunculus/planning/ran-planning-018.jpg","Path update","![Planning 018]({{ 'assets/images/projects/plant-displays/ranunculus/planning/plant-displays-ranunculus-planning-018...."
"36","_builds\plant-displays\ranunculus-001-planning-build.md","73","assets/images/projects/plant-displays/ranunculus/planning/plant-displays-ranunculus-planning-019.jpg","assets/images/projects/plant-displays/ranunculus/planning/ran-planning-019.jpg","Path update","![Planning 019]({{ 'assets/images/projects/plant-displays/ranunculus/planning/plant-displays-ranunculus-planning-019...."
"37","_builds\plant-displays\ranunculus-001-planning-build.md","74","assets/images/projects/plant-displays/ranunculus/planning/plant-displays-ranunculus-planning-020.jpg","assets/images/projects/plant-displays/ranunculus/planning/ran-planning-020.jpg","Path update","![Planning 020]({{ 'assets/images/projects/plant-displays/ranunculus/planning/plant-displays-ranunculus-planning-020...."
"38","_builds\plant-displays\ranunculus-001-planning-build.md","75","assets/images/projects/plant-displays/ranunculus/planning/plant-displays-ranunculus-planning-021.jpg","assets/images/projects/plant-displays/ranunculus/planning/ran-planning-021.jpg","Path update","![Planning 021]({{ 'assets/images/projects/plant-displays/ranunculus/planning/plant-displays-ranunculus-planning-021...."
"39","_builds\plant-displays\ranunculus-001-planning-build.md","76","assets/images/projects/plant-displays/ranunculus/planning/plant-displays-ranunculus-planning-022.jpg","assets/images/projects/plant-displays/ranunculus/planning/ran-planning-022.jpg","Path update","![Planning 022]({{ 'assets/images/projects/plant-displays/ranunculus/planning/plant-displays-ranunculus-planning-022...."
"40","_builds\plant-displays\ranunculus-001-planning-build.md","77","assets/images/projects/plant-displays/ranunculus/planning/plant-displays-ranunculus-planning-023.jpg","assets/images/projects/plant-displays/ranunculus/planning/ran-planning-023.jpg","Path update","![Planning 023]({{ 'assets/images/projects/plant-displays/ranunculus/planning/plant-displays-ranunculus-planning-023...."
"41","_builds\plant-displays\ranunculus-001-planning-build.md","78","assets/images/projects/plant-displays/ranunculus/planning/plant-displays-ranunculus-planning-024.jpg","assets/images/projects/plant-displays/ranunculus/planning/ran-planning-024.jpg","Path update","![Planning 024]({{ 'assets/images/projects/plant-displays/ranunculus/planning/plant-displays-ranunculus-planning-024...."
"42","_builds\plant-displays\ranunculus-001-planning-build.md","79","assets/images/projects/plant-displays/ranunculus/planning/plant-displays-ranunculus-planning-025.jpg","assets/images/projects/plant-displays/ranunculus/planning/ran-planning-025.jpg","Path update","![Planning 025]({{ 'assets/images/projects/plant-displays/ranunculus/planning/plant-displays-ranunculus-planning-025...."
"43","_builds\plant-displays\ranunculus-001-planning-build.md","80","assets/images/projects/plant-displays/ranunculus/planning/plant-displays-ranunculus-planning-026.jpg","assets/images/projects/plant-displays/ranunculus/planning/ran-planning-026.jpg","Path update","![Planning 026]({{ 'assets/images/projects/plant-displays/ranunculus/planning/plant-displays-ranunculus-planning-026...."
"44","_builds\plant-displays\ranunculus-001-planning-build.md","81","assets/images/projects/plant-displays/ranunculus/planning/plant-displays-ranunculus-planning-027.jpg","assets/images/projects/plant-displays/ranunculus/planning/ran-planning-027.jpg","Path update","![Planning 027]({{ 'assets/images/projects/plant-displays/ranunculus/planning/plant-displays-ranunculus-planning-027...."
"45","_builds\plant-displays\ranunculus-001-planning-build.md","82","assets/images/projects/plant-displays/ranunculus/planning/plant-displays-ranunculus-planning-028.jpg","assets/images/projects/plant-displays/ranunculus/planning/ran-planning-028.jpg","Path update","![Planning 028]({{ 'assets/images/projects/plant-displays/ranunculus/planning/plant-displays-ranunculus-planning-028...."
"46","_builds\plant-displays\ranunculus-001-planning-build.md","83","assets/images/projects/plant-displays/ranunculus/planning/plant-displays-ranunculus-planning-029.jpg","assets/images/projects/plant-displays/ranunculus/planning/ran-planning-029.jpg","Path update","![Planning 029]({{ 'assets/images/projects/plant-displays/ranunculus/planning/plant-displays-ranunculus-planning-029...."
"47","_builds\plant-displays\ranunculus-001-planning-build.md","84","assets/images/projects/plant-displays/ranunculus/planning/plant-displays-ranunculus-planning-030.jpg","assets/images/projects/plant-displays/ranunculus/planning/ran-planning-030.jpg","Path update","![Planning 030]({{ 'assets/images/projects/plant-displays/ranunculus/planning/plant-displays-ranunculus-planning-030...."
"48","_builds\plant-displays\ranunculus-001-planning-build.md","85","assets/images/projects/plant-displays/ranunculus/planning/plant-displays-ranunculus-planning-031.jpg","assets/images/projects/plant-displays/ranunculus/planning/ran-planning-031.jpg","Path update","![Planning 031]({{ 'assets/images/projects/plant-displays/ranunculus/planning/plant-displays-ranunculus-planning-031...."
"49","_builds\plant-displays\ranunculus-001-planning-build.md","86","assets/images/projects/plant-displays/ranunculus/planning/plant-displays-ranunculus-planning-032.jpg","assets/images/projects/plant-displays/ranunculus/planning/ran-planning-032.jpg","Path update","![Planning 032]({{ 'assets/images/projects/plant-displays/ranunculus/planning/plant-displays-ranunculus-planning-032...."
"50","_builds\plant-displays\ranunculus-001-planning-build.md","87","assets/images/projects/plant-displays/ranunculus/planning/plant-displays-ranunculus-planning-033.jpg","assets/images/projects/plant-displays/ranunculus/planning/ran-planning-033.jpg","Path update","![Planning 033]({{ 'assets/images/projects/plant-displays/ranunculus/planning/plant-displays-ranunculus-planning-033...."
"51","_builds\plant-displays\ranunculus-001-planning-build.md","88","assets/images/projects/plant-displays/ranunculus/planning/plant-displays-ranunculus-planning-034.jpg","assets/images/projects/plant-displays/ranunculus/planning/ran-planning-034.jpg","Path update","![Planning 034]({{ 'assets/images/projects/plant-displays/ranunculus/planning/plant-displays-ranunculus-planning-034...."
"52","_builds\plant-displays\ranunculus-001-planning-build.md","89","assets/images/projects/plant-displays/ranunculus/planning/plant-displays-ranunculus-planning-035.jpg","assets/images/projects/plant-displays/ranunculus/planning/ran-planning-035.jpg","Path update","![Planning 035]({{ 'assets/images/projects/plant-displays/ranunculus/planning/plant-displays-ranunculus-planning-035...."
"53","_builds\plant-displays\ranunculus-001-planning-build.md","90","assets/images/projects/plant-displays/ranunculus/planning/plant-displays-ranunculus-planning-036.jpg","assets/images/projects/plant-displays/ranunculus/planning/ran-planning-036.jpg","Path update","![Planning 036]({{ 'assets/images/projects/plant-displays/ranunculus/planning/plant-displays-ranunculus-planning-036...."
"54","_builds\plant-displays\ranunculus-001-planning-build.md","91","assets/images/projects/plant-displays/ranunculus/planning/plant-displays-ranunculus-planning-037.jpg","assets/images/projects/plant-displays/ranunculus/planning/ran-planning-037.jpg","Path update","![Planning 037]({{ 'assets/images/projects/plant-displays/ranunculus/planning/plant-displays-ranunculus-planning-037...."
"55","_builds\plant-displays\ranunculus-001-planning-build.md","92","assets/images/projects/plant-displays/ranunculus/planning/plant-displays-ranunculus-planning-038.jpg","assets/images/projects/plant-displays/ranunculus/planning/ran-planning-038.jpg","Path update","![Planning 038]({{ 'assets/images/projects/plant-displays/ranunculus/planning/plant-displays-ranunculus-planning-038...."
"56","_builds\plant-displays\ranunculus-001-planning-build.md","93","assets/images/projects/plant-displays/ranunculus/planning/plant-displays-ranunculus-planning-039.jpg","assets/images/projects/plant-displays/ranunculus/planning/ran-planning-039.jpg","Path update","![Planning 039]({{ 'assets/images/projects/plant-displays/ranunculus/planning/plant-displays-ranunculus-planning-039...."
"57","_builds\plant-displays\ranunculus-001-planning-build.md","94","assets/images/projects/plant-displays/ranunculus/planning/plant-displays-ranunculus-planning-040.jpg","assets/images/projects/plant-displays/ranunculus/planning/ran-planning-040.jpg","Path update","![Planning 040]({{ 'assets/images/projects/plant-displays/ranunculus/planning/plant-displays-ranunculus-planning-040...."
"58","_builds\plant-displays\ranunculus-001-planning-build.md","95","assets/images/projects/plant-displays/ranunculus/planning/plant-displays-ranunculus-planning-041.jpg","assets/images/projects/plant-displays/ranunculus/planning/ran-planning-041.jpg","Path update","![Planning 041]({{ 'assets/images/projects/plant-displays/ranunculus/planning/plant-displays-ranunculus-planning-041...."
"59","_builds\plant-displays\ranunculus-001-planning-build.md","96","assets/images/projects/plant-displays/ranunculus/planning/plant-displays-ranunculus-planning-042.jpg","assets/images/projects/plant-displays/ranunculus/planning/ran-planning-042.jpg","Path update","![Planning 042]({{ 'assets/images/projects/plant-displays/ranunculus/planning/plant-displays-ranunculus-planning-042...."
"60","_builds\plant-displays\ranunculus-001-planning-build.md","104","assets/images/projects/plant-displays/ranunculus/build/plant-displays-ranunculus-build-001.jpg","assets/images/projects/plant-displays/ranunculus/build/ran-build-001.jpg","Path update","![Build 001]({{ 'assets/images/projects/plant-displays/ranunculus/build/plant-displays-ranunculus-build-001.jpg' | re..."
"61","_builds\plant-displays\ranunculus-001-planning-build.md","105","assets/images/projects/plant-displays/ranunculus/build/plant-displays-ranunculus-build-002.jpg","assets/images/projects/plant-displays/ranunculus/build/ran-build-002.jpg","Path update","![Build 002]({{ 'assets/images/projects/plant-displays/ranunculus/build/plant-displays-ranunculus-build-002.jpg' | re..."
"62","_builds\plant-displays\ranunculus-001-planning-build.md","106","assets/images/projects/plant-displays/ranunculus/build/plant-displays-ranunculus-build-003.jpg","assets/images/projects/plant-displays/ranunculus/build/ran-build-003.jpg","Path update","![Build 003]({{ 'assets/images/projects/plant-displays/ranunculus/build/plant-displays-ranunculus-build-003.jpg' | re..."
"63","_builds\plant-displays\ranunculus-001-planning-build.md","110","assets/images/projects/plant-displays/ranunculus/gallery/plant-displays-ranunculus-gallery-001.jpg","assets/images/projects/plant-displays/ranunculus/gallery/ran-gallery-001.jpg","Path update","![Gallery 001]({{ 'assets/images/projects/plant-displays/ranunculus/gallery/plant-displays-ranunculus-gallery-001.jpg..."
"64","_builds\plant-displays\ranunculus-001-planning-build.md","111","assets/images/projects/plant-displays/ranunculus/gallery/plant-displays-ranunculus-gallery-002.jpg","assets/images/projects/plant-displays/ranunculus/gallery/ran-gallery-002.jpg","Path update","![Gallery 002]({{ 'assets/images/projects/plant-displays/ranunculus/gallery/plant-displays-ranunculus-gallery-002.jpg..."
"65","_builds\plant-displays\ranunculus-001-planning-build.md","112","assets/images/projects/plant-displays/ranunculus/gallery/plant-displays-ranunculus-gallery-003.jpg","assets/images/projects/plant-displays/ranunculus/gallery/ran-gallery-003.jpg","Path update","![Gallery 003]({{ 'assets/images/projects/plant-displays/ranunculus/gallery/plant-displays-ranunculus-gallery-003.jpg..."
"66","_builds\plant-displays\ranunculus-001-planning-build.md","113","assets/images/projects/plant-displays/ranunculus/gallery/plant-displays-ranunculus-gallery-004.jpg","assets/images/projects/plant-displays/ranunculus/gallery/ran-gallery-004.jpg","Path update","![Gallery 004]({{ 'assets/images/projects/plant-displays/ranunculus/gallery/plant-displays-ranunculus-gallery-004.jpg..."
"67","_builds\plant-displays\ranunculus-001-planning-build.md","114","assets/images/projects/plant-displays/ranunculus/gallery/plant-displays-ranunculus-gallery-005.jpg","assets/images/projects/plant-displays/ranunculus/gallery/ran-gallery-005.jpg","Path update","![Gallery 005]({{ 'assets/images/projects/plant-displays/ranunculus/gallery/plant-displays-ranunculus-gallery-005.jpg..."
"68","_builds\plant-displays\ranunculus-001-planning-build.md","115","assets/images/projects/plant-displays/ranunculus/gallery/plant-displays-ranunculus-gallery-006.jpg","assets/images/projects/plant-displays/ranunculus/gallery/ran-gallery-006.jpg","Path update","![Gallery 006]({{ 'assets/images/projects/plant-displays/ranunculus/gallery/plant-displays-ranunculus-gallery-006.jpg..."
"69","_builds\plant-displays\ranunculus-001-planning-build.md","116","assets/images/projects/plant-displays/ranunculus/gallery/plant-displays-ranunculus-gallery-007.jpg","assets/images/projects/plant-displays/ranunculus/gallery/ran-gallery-007.jpg","Path update","![Gallery 007]({{ 'assets/images/projects/plant-displays/ranunculus/gallery/plant-displays-ranunculus-gallery-007.jpg..."
"70","_builds\plant-displays\ranunculus-001-planning-build.md","117","assets/images/projects/plant-displays/ranunculus/gallery/plant-displays-ranunculus-gallery-008.jpg","assets/images/projects/plant-displays/ranunculus/gallery/ran-gallery-008.jpg","Path update","![Gallery 008]({{ 'assets/images/projects/plant-displays/ranunculus/gallery/plant-displays-ranunculus-gallery-008.jpg..."
"71","_builds\plant-displays\ranunculus-001-planning-build.md","118","assets/images/projects/plant-displays/ranunculus/gallery/plant-displays-ranunculus-gallery-009.jpg","assets/images/projects/plant-displays/ranunculus/gallery/ran-gallery-009.jpg","Path update","![Gallery 009]({{ 'assets/images/projects/plant-displays/ranunculus/gallery/plant-displays-ranunculus-gallery-009.jpg..."
"72","_builds\plant-displays\ranunculus-001-planning-build.md","119","assets/images/projects/plant-displays/ranunculus/gallery/plant-displays-ranunculus-gallery-010.jpg","assets/images/projects/plant-displays/ranunculus/gallery/ran-gallery-010.jpg","Path update","![Gallery 010]({{ 'assets/images/projects/plant-displays/ranunculus/gallery/plant-displays-ranunculus-gallery-010.jpg..."
"73","_builds\plant-displays\ranunculus-001-planning-build.md","120","assets/images/projects/plant-displays/ranunculus/gallery/plant-displays-ranunculus-gallery-011.jpg","assets/images/projects/plant-displays/ranunculus/gallery/ran-gallery-011.jpg","Path update","![Gallery 011]({{ 'assets/images/projects/plant-displays/ranunculus/gallery/plant-displays-ranunculus-gallery-011.jpg..."
"74","_builds\plant-displays\snowdrops-001-planning-build.md","10","assets/images/projects/plant-displays/snowdrops/gallery/plant-displays-snowdrops-gallery-001.jpg","assets/images/projects/plant-displays/snowdrops/gallery/sno-gallery-001.jpg","Path update","signature_image: ""assets/images/projects/plant-displays/snowdrops/gallery/plant-displays-snowdrops-gallery-001.jpg"""
"75","_builds\plant-displays\snowdrops-001-planning-build.md","16","assets/images/projects/plant-displays/snowdrops/planning/plant-displays-snowdrops-planning-001.jpg","assets/images/projects/plant-displays/snowdrops/planning/sno-planning-001.jpg","Path update","- path: ""assets/images/projects/plant-displays/snowdrops/planning/plant-displays-snowdrops-planning-001.jpg"""
"76","_builds\plant-displays\snowdrops-001-planning-build.md","18","assets/images/projects/plant-displays/snowdrops/build/plant-displays-snowdrops-build-001.jpg","assets/images/projects/plant-displays/snowdrops/build/sno-build-001.jpg","Path update","- path: ""assets/images/projects/plant-displays/snowdrops/build/plant-displays-snowdrops-build-001.jpg"""
"77","_builds\plant-displays\snowdrops-001-planning-build.md","20","assets/images/projects/plant-displays/snowdrops/gallery/plant-displays-snowdrops-gallery-001.jpg","assets/images/projects/plant-displays/snowdrops/gallery/sno-gallery-001.jpg","Path update","- path: ""assets/images/projects/plant-displays/snowdrops/gallery/plant-displays-snowdrops-gallery-001.jpg"""
"78","_builds\plant-displays\snowdrops-001-planning-build.md","47","assets/images/projects/plant-displays/snowdrops/planning/plant-displays-snowdrops-planning-001.jpg","assets/images/projects/plant-displays/snowdrops/planning/sno-planning-001.jpg","Path update","![Planning 001]({{ 'assets/images/projects/plant-displays/snowdrops/planning/plant-displays-snowdrops-planning-001.jp..."
"79","_builds\plant-displays\snowdrops-001-planning-build.md","49","assets/images/projects/plant-displays/snowdrops/planning/plant-displays-snowdrops-planning-002.jpg","assets/images/projects/plant-displays/snowdrops/planning/sno-planning-002.jpg","Path update","![Planning 002]({{ 'assets/images/projects/plant-displays/snowdrops/planning/plant-displays-snowdrops-planning-002.jp..."
"80","_builds\plant-displays\snowdrops-001-planning-build.md","51","assets/images/projects/plant-displays/snowdrops/planning/plant-displays-snowdrops-planning-003.jpg","assets/images/projects/plant-displays/snowdrops/planning/sno-planning-003.jpg","Path update","![Planning 003]({{ 'assets/images/projects/plant-displays/snowdrops/planning/plant-displays-snowdrops-planning-003.jp..."
"81","_builds\plant-displays\snowdrops-001-planning-build.md","53","assets/images/projects/plant-displays/snowdrops/planning/plant-displays-snowdrops-planning-004.jpg","assets/images/projects/plant-displays/snowdrops/planning/sno-planning-004.jpg","Path update","![Planning 004]({{ 'assets/images/projects/plant-displays/snowdrops/planning/plant-displays-snowdrops-planning-004.jp..."
"82","_builds\plant-displays\snowdrops-001-planning-build.md","55","assets/images/projects/plant-displays/snowdrops/planning/plant-displays-snowdrops-planning-005.jpg","assets/images/projects/plant-displays/snowdrops/planning/sno-planning-005.jpg","Path update","![Planning 005]({{ 'assets/images/projects/plant-displays/snowdrops/planning/plant-displays-snowdrops-planning-005.jp..."
"83","_builds\plant-displays\snowdrops-001-planning-build.md","57","assets/images/projects/plant-displays/snowdrops/planning/plant-displays-snowdrops-planning-006.jpg","assets/images/projects/plant-displays/snowdrops/planning/sno-planning-006.jpg","Path update","![Planning 006]({{ 'assets/images/projects/plant-displays/snowdrops/planning/plant-displays-snowdrops-planning-006.jp..."
"84","_builds\plant-displays\snowdrops-001-planning-build.md","59","assets/images/projects/plant-displays/snowdrops/planning/plant-displays-snowdrops-planning-007.jpg","assets/images/projects/plant-displays/snowdrops/planning/sno-planning-007.jpg","Path update","![Planning 007]({{ 'assets/images/projects/plant-displays/snowdrops/planning/plant-displays-snowdrops-planning-007.jp..."
"85","_builds\plant-displays\snowdrops-001-planning-build.md","61","assets/images/projects/plant-displays/snowdrops/planning/plant-displays-snowdrops-planning-008.jpg","assets/images/projects/plant-displays/snowdrops/planning/sno-planning-008.jpg","Path update","![Planning 008]({{ 'assets/images/projects/plant-displays/snowdrops/planning/plant-displays-snowdrops-planning-008.jp..."
"86","_builds\plant-displays\snowdrops-001-planning-build.md","63","assets/images/projects/plant-displays/snowdrops/planning/plant-displays-snowdrops-planning-009.jpg","assets/images/projects/plant-displays/snowdrops/planning/sno-planning-009.jpg","Path update","![Planning 009]({{ 'assets/images/projects/plant-displays/snowdrops/planning/plant-displays-snowdrops-planning-009.jp..."
"87","_builds\plant-displays\snowdrops-001-planning-build.md","65","assets/images/projects/plant-displays/snowdrops/planning/plant-displays-snowdrops-planning-010.jpg","assets/images/projects/plant-displays/snowdrops/planning/sno-planning-010.jpg","Path update","![Planning 010]({{ 'assets/images/projects/plant-displays/snowdrops/planning/plant-displays-snowdrops-planning-010.jp..."
"88","_builds\plant-displays\snowdrops-001-planning-build.md","67","assets/images/projects/plant-displays/snowdrops/planning/plant-displays-snowdrops-planning-011.jpg","assets/images/projects/plant-displays/snowdrops/planning/sno-planning-011.jpg","Path update","![Planning 011]({{ 'assets/images/projects/plant-displays/snowdrops/planning/plant-displays-snowdrops-planning-011.jp..."
"89","_builds\plant-displays\snowdrops-001-planning-build.md","69","assets/images/projects/plant-displays/snowdrops/planning/plant-displays-snowdrops-planning-012.jpg","assets/images/projects/plant-displays/snowdrops/planning/sno-planning-012.jpg","Path update","![Planning 012]({{ 'assets/images/projects/plant-displays/snowdrops/planning/plant-displays-snowdrops-planning-012.jp..."
"90","_builds\plant-displays\snowdrops-001-planning-build.md","71","assets/images/projects/plant-displays/snowdrops/planning/plant-displays-snowdrops-planning-013.jpg","assets/images/projects/plant-displays/snowdrops/planning/sno-planning-013.jpg","Path update","![Planning 013]({{ 'assets/images/projects/plant-displays/snowdrops/planning/plant-displays-snowdrops-planning-013.jp..."
"91","_builds\plant-displays\snowdrops-001-planning-build.md","73","assets/images/projects/plant-displays/snowdrops/planning/plant-displays-snowdrops-planning-014.jpg","assets/images/projects/plant-displays/snowdrops/planning/sno-planning-014.jpg","Path update","![Planning 014]({{ 'assets/images/projects/plant-displays/snowdrops/planning/plant-displays-snowdrops-planning-014.jp..."
"92","_builds\plant-displays\snowdrops-001-planning-build.md","75","assets/images/projects/plant-displays/snowdrops/planning/plant-displays-snowdrops-planning-015.jpg","assets/images/projects/plant-displays/snowdrops/planning/sno-planning-015.jpg","Path update","![Planning 015]({{ 'assets/images/projects/plant-displays/snowdrops/planning/plant-displays-snowdrops-planning-015.jp..."
"93","_builds\plant-displays\snowdrops-001-planning-build.md","77","assets/images/projects/plant-displays/snowdrops/planning/plant-displays-snowdrops-planning-016.jpg","assets/images/projects/plant-displays/snowdrops/planning/sno-planning-016.jpg","Path update","![Planning 016]({{ 'assets/images/projects/plant-displays/snowdrops/planning/plant-displays-snowdrops-planning-016.jp..."
"94","_builds\plant-displays\snowdrops-001-planning-build.md","79","assets/images/projects/plant-displays/snowdrops/planning/plant-displays-snowdrops-planning-017.jpg","assets/images/projects/plant-displays/snowdrops/planning/sno-planning-017.jpg","Path update","![Planning 017]({{ 'assets/images/projects/plant-displays/snowdrops/planning/plant-displays-snowdrops-planning-017.jp..."
"95","_builds\plant-displays\snowdrops-001-planning-build.md","85","assets/images/projects/plant-displays/snowdrops/build/plant-displays-snowdrops-build-001.jpg","assets/images/projects/plant-displays/snowdrops/build/sno-build-001.jpg","Path update","![Build 001]({{ 'assets/images/projects/plant-displays/snowdrops/build/plant-displays-snowdrops-build-001.jpg' | rela..."
"96","_builds\plant-displays\snowdrops-001-planning-build.md","87","assets/images/projects/plant-displays/snowdrops/build/plant-displays-snowdrops-build-002.jpg","assets/images/projects/plant-displays/snowdrops/build/sno-build-002.jpg","Path update","![Build 002]({{ 'assets/images/projects/plant-displays/snowdrops/build/plant-displays-snowdrops-build-002.jpg' | rela..."
"97","_builds\plant-displays\snowdrops-001-planning-build.md","91","assets/images/projects/plant-displays/snowdrops/gallery/plant-displays-snowdrops-gallery-001.jpg","assets/images/projects/plant-displays/snowdrops/gallery/sno-gallery-001.jpg","Path update","![Gallery 001]({{ 'assets/images/projects/plant-displays/snowdrops/gallery/plant-displays-snowdrops-gallery-001.jpg' ..."
"98","_builds\plant-displays\snowdrops-001-planning-build.md","93","assets/images/projects/plant-displays/snowdrops/gallery/plant-displays-snowdrops-gallery-002.jpg","assets/images/projects/plant-displays/snowdrops/gallery/sno-gallery-002.jpg","Path update","![Gallery 002]({{ 'assets/images/projects/plant-displays/snowdrops/gallery/plant-displays-snowdrops-gallery-002.jpg' ..."
"99","_builds\plant-displays\snowdrops-001-planning-build.md","95","assets/images/projects/plant-displays/snowdrops/gallery/plant-displays-snowdrops-gallery-003.jpg","assets/images/projects/plant-displays/snowdrops/gallery/sno-gallery-003.jpg","Path update","![Gallery 003]({{ 'assets/images/projects/plant-displays/snowdrops/gallery/plant-displays-snowdrops-gallery-003.jpg' ..."
"100","_builds\plant-displays\snowdrops-001-planning-build.md","97","assets/images/projects/plant-displays/snowdrops/gallery/plant-displays-snowdrops-gallery-004.jpg","assets/images/projects/plant-displays/snowdrops/gallery/sno-gallery-004.jpg","Path update","![Gallery 004]({{ 'assets/images/projects/plant-displays/snowdrops/gallery/plant-displays-snowdrops-gallery-004.jpg' ..."
"101","_builds\plant-displays\snowdrops-001-planning-build.md","99","assets/images/projects/plant-displays/snowdrops/gallery/plant-displays-snowdrops-gallery-005.jpg","assets/images/projects/plant-displays/snowdrops/gallery/sno-gallery-005.jpg","Path update","![Gallery 005]({{ 'assets/images/projects/plant-displays/snowdrops/gallery/plant-displays-snowdrops-gallery-005.jpg' ..."
"102","_builds\plant-displays\protea-001-planning-build.md","10","assets/images/projects/plant-displays/protea/planning/plant-displays-protea-planning-001.jpg","assets/images/projects/plant-displays/protea/planning/pro-planning-001.jpg","Path update","signature_image: ""assets/images/projects/plant-displays/protea/planning/plant-displays-protea-planning-001.jpg"""
"103","_builds\plant-displays\protea-001-planning-build.md","16","assets/images/projects/plant-displays/protea/planning/plant-displays-protea-planning-001.jpg","assets/images/projects/plant-displays/protea/planning/pro-planning-001.jpg","Path update","- path: ""assets/images/projects/plant-displays/protea/planning/plant-displays-protea-planning-001.jpg"""
"104","_builds\plant-displays\protea-001-planning-build.md","38","assets/images/projects/plant-displays/protea/planning/plant-displays-protea-planning-001.jpg","assets/images/projects/plant-displays/protea/planning/pro-planning-001.jpg","Path update","![Planning 001]({{ 'assets/images/projects/plant-displays/protea/planning/plant-displays-protea-planning-001.jpg' | r..."
"105","_builds\plant-displays\protea-001-planning-build.md","40","assets/images/projects/plant-displays/protea/planning/plant-displays-protea-planning-002.jpg","assets/images/projects/plant-displays/protea/planning/pro-planning-002.jpg","Path update","![Planning 002]({{ 'assets/images/projects/plant-displays/protea/planning/plant-displays-protea-planning-002.jpg' | r..."
"106","_builds\plant-displays\protea-001-planning-build.md","42","assets/images/projects/plant-displays/protea/planning/plant-displays-protea-planning-003.jpg","assets/images/projects/plant-displays/protea/planning/pro-planning-003.jpg","Path update","![Planning 003]({{ 'assets/images/projects/plant-displays/protea/planning/plant-displays-protea-planning-003.jpg' | r..."
"107","_builds\plant-displays\protea-001-planning-build.md","44","assets/images/projects/plant-displays/protea/planning/plant-displays-protea-planning-004.jpg","assets/images/projects/plant-displays/protea/planning/pro-planning-004.jpg","Path update","![Planning 004]({{ 'assets/images/projects/plant-displays/protea/planning/plant-displays-protea-planning-004.jpg' | r..."
"108","_builds\plant-displays\strelitzia-001-planning-build.md","10","assets/images/projects/plant-displays/strelitzia/planning/plant-displays-strelitzia-planning-001.jpg","assets/images/projects/plant-displays/strelitzia/planning/str-planning-001.jpg","Path update","signature_image: ""assets/images/projects/plant-displays/strelitzia/planning/plant-displays-strelitzia-planning-001.jpg"""
"109","_builds\plant-displays\strelitzia-001-planning-build.md","16","assets/images/projects/plant-displays/strelitzia/planning/plant-displays-strelitzia-planning-001.jpg","assets/images/projects/plant-displays/strelitzia/planning/str-planning-001.jpg","Path update","- path: ""assets/images/projects/plant-displays/strelitzia/planning/plant-displays-strelitzia-planning-001.jpg"""
"110","_builds\plant-displays\strelitzia-001-planning-build.md","38","assets/images/projects/plant-displays/strelitzia/planning/plant-displays-strelitzia-planning-001.jpg","assets/images/projects/plant-displays/strelitzia/planning/str-planning-001.jpg","Path update","![Planning 001]({{ 'assets/images/projects/plant-displays/strelitzia/planning/plant-displays-strelitzia-planning-001...."
"111","_builds\plant-displays\strelitzia-001-planning-build.md","40","assets/images/projects/plant-displays/strelitzia/planning/plant-displays-strelitzia-planning-002.jpg","assets/images/projects/plant-displays/strelitzia/planning/str-planning-002.jpg","Path update","![Planning 002]({{ 'assets/images/projects/plant-displays/strelitzia/planning/plant-displays-strelitzia-planning-002...."
"112","_builds\plant-displays\strelitzia-001-planning-build.md","42","assets/images/projects/plant-displays/strelitzia/planning/plant-displays-strelitzia-planning-003.jpg","assets/images/projects/plant-displays/strelitzia/planning/str-planning-003.jpg","Path update","![Planning 003]({{ 'assets/images/projects/plant-displays/strelitzia/planning/plant-displays-strelitzia-planning-003...."
"113","_builds\plant-displays\strelitzia-001-planning-build.md","44","assets/images/projects/plant-displays/strelitzia/planning/plant-displays-strelitzia-planning-004.jpg","assets/images/projects/plant-displays/strelitzia/planning/str-planning-004.jpg","Path update","![Planning 004]({{ 'assets/images/projects/plant-displays/strelitzia/planning/plant-displays-strelitzia-planning-004...."
"114","_builds\plant-displays\strelitzia-001-planning-build.md","46","assets/images/projects/plant-displays/strelitzia/planning/plant-displays-strelitzia-planning-005.jpg","assets/images/projects/plant-displays/strelitzia/planning/str-planning-005.jpg","Path update","![Planning 005]({{ 'assets/images/projects/plant-displays/strelitzia/planning/plant-displays-strelitzia-planning-005...."
"115","_builds\plant-displays\strelitzia-001-planning-build.md","48","assets/images/projects/plant-displays/strelitzia/planning/plant-displays-strelitzia-planning-006.jpg","assets/images/projects/plant-displays/strelitzia/planning/str-planning-006.jpg","Path update","![Planning 006]({{ 'assets/images/projects/plant-displays/strelitzia/planning/plant-displays-strelitzia-planning-006...."
"116","_builds\plant-displays\strelitzia-001-planning-build.md","50","assets/images/projects/plant-displays/strelitzia/planning/plant-displays-strelitzia-planning-007.jpg","assets/images/projects/plant-displays/strelitzia/planning/str-planning-007.jpg","Path update","![Planning 007]({{ 'assets/images/projects/plant-displays/strelitzia/planning/plant-displays-strelitzia-planning-007...."
"117","_projects\plant-displays.md","10","assets/images/projects/plant-displays/ranunculus/gallery/plant-displays-ranunculus-gallery-005.jpg","assets/images/projects/plant-displays/ranunculus/gallery/ran-gallery-005.jpg","Path update","featured_image: ""assets/images/projects/plant-displays/ranunculus/gallery/plant-displays-ranunculus-gallery-005.jpg"""
"118","_projects\plant-displays.md","32","assets/images/projects/plant-displays/ranunculus/gallery/plant-displays-ranunculus-gallery-005.jpg","assets/images/projects/plant-displays/ranunculus/gallery/ran-gallery-005.jpg","Path update","- ""assets/images/projects/plant-displays/ranunculus/gallery/plant-displays-ranunculus-gallery-005.jpg"""
"119","_projects\plant-displays.md","33","assets/images/projects/plant-displays/ranunculus/gallery/plant-displays-ranunculus-gallery-008.jpg","assets/images/projects/plant-displays/ranunculus/gallery/ran-gallery-008.jpg","Path update","- ""assets/images/projects/plant-displays/ranunculus/gallery/plant-displays-ranunculus-gallery-008.jpg"""
"120","_projects\plant-displays.md","34","assets/images/projects/plant-displays/ranunculus/gallery/plant-displays-ranunculus-gallery-011.jpg","assets/images/projects/plant-displays/ranunculus/gallery/ran-gallery-011.jpg","Path update","- ""assets/images/projects/plant-displays/ranunculus/gallery/plant-displays-ranunculus-gallery-011.jpg"""
"121","_projects\plant-displays.md","35","assets/images/projects/plant-displays/snowdrops/gallery/plant-displays-snowdrops-gallery-001.jpg","assets/images/projects/plant-displays/snowdrops/gallery/sno-gallery-001.jpg","Path update","- ""assets/images/projects/plant-displays/snowdrops/gallery/plant-displays-snowdrops-gallery-001.jpg"""
"122","_projects\plant-displays.md","36","assets/images/projects/plant-displays/snowdrops/gallery/plant-displays-snowdrops-gallery-003.jpg","assets/images/projects/plant-displays/snowdrops/gallery/sno-gallery-003.jpg","Path update","- ""assets/images/projects/plant-displays/snowdrops/gallery/plant-displays-snowdrops-gallery-003.jpg"""
"123","_projects\plant-displays.md","37","assets/images/projects/plant-displays/snowdrops/gallery/plant-displays-snowdrops-gallery-005.jpg","assets/images/projects/plant-displays/snowdrops/gallery/sno-gallery-005.jpg","Path update","- ""assets/images/projects/plant-displays/snowdrops/gallery/plant-displays-snowdrops-gallery-005.jpg"""
"124","_projects\plant-displays.md","89","assets/images/projects/plant-displays/bluebells/build/plant-displays-bluebells-build-001.jpg","assets/images/projects/plant-displays/bluebells/build/blu-build-001.jpg","Path update","<img src=""{{ 'assets/images/projects/plant-displays/bluebells/build/plant-displays-bluebells-build-001.jpg' | relativ..."
"125","_projects\plant-displays.md","134","assets/images/projects/plant-displays/protea/planning/plant-displays-protea-planning-001.jpg","assets/images/projects/plant-displays/protea/planning/pro-planning-001.jpg","Path update","<img src=""{{ 'assets/images/projects/plant-displays/protea/planning/plant-displays-protea-planning-001.jpg' | relativ..."
"126","_projects\plant-displays.md","149","assets/images/projects/plant-displays/ranunculus/gallery/plant-displays-ranunculus-gallery-005.jpg","assets/images/projects/plant-displays/ranunculus/gallery/ran-gallery-005.jpg","Path update","<img src=""{{ 'assets/images/projects/plant-displays/ranunculus/gallery/plant-displays-ranunculus-gallery-005.jpg' | r..."
"127","_projects\plant-displays.md","164","assets/images/projects/plant-displays/snowdrops/gallery/plant-displays-snowdrops-gallery-001.jpg","assets/images/projects/plant-displays/snowdrops/gallery/sno-gallery-001.jpg","Path update","<img src=""{{ 'assets/images/projects/plant-displays/snowdrops/gallery/plant-displays-snowdrops-gallery-001.jpg' | rel..."
"128","_projects\plant-displays.md","179","assets/images/projects/plant-displays/strelitzia/planning/plant-displays-strelitzia-planning-001.jpg","assets/images/projects/plant-displays/strelitzia/planning/str-planning-001.jpg","Path update","<img src=""{{ 'assets/images/projects/plant-displays/strelitzia/planning/plant-displays-strelitzia-planning-001.jpg' |..."
"129","_builds\plant-displays\poinsettia-001-planning-build.md","0","[FILE RENAME]","_builds\plant-displays\hibiscus-001-planning-build.md","File Rename","Rename build log file from poinsettia to hibiscus"
"130","_builds\plant-displays\hibiscus-001-planning-build.md (after rename)","0","[TEXT: 'Poinsettia']","[TEXT: 'Hibiscus']","Text Replace","Replace all 'Poinsettia' with 'Hibiscus' throughout file"
"131","_projects\plant-displays.md","0","[TEXT: 'Poinsettia']","[TEXT: 'Hibiscus']","Text Replace","Replace 'Poinsettia' with 'Hibiscus' in plant descriptions"
